Workbook

Sheet Summary
A1: PROGRAM RAID LOG
A3: Program Name
A4: TPM
A5: Version | B5: 1.0
A6: Last Updated
A8: RAID STATUS SUMMARY
A9: Category | B9: Total Items | C9: Open | D9: In Progress | E9: Closed / Resolved | F9: No Owner | G9: No Plan | H9: Notes
A10: Risks | B10: =COUNTA(Risks!B4:B103) | C10: =COUNTIFS(Risks!B4:B103,"<>",Risks!I4:I103,"Open") | D10: =COUNTIFS(Risks!B4:B103,"<>",Risks!I4:I103,"In Progress") | E10: =COUNTIFS(Risks!B4:B103,"<>",Risks!I4:I103,"Mitigated")+COUNTIFS(Risks!B4:B103,"<>",Risks!I4:I103,"Closed") | F10: =COUNTIFS(Risks!B4:B103,"<>",Risks!C4:C103,"") | G10: =COUNTIFS(Risks!B4:B103,"<>",Risks!K4:K103,"") | H10: Closed counts Mitigated + Closed. No Plan = blank Mitigation Plan.
A11: Assumptions | B11: =COUNTA(Assumptions!B4:B53) | C11: =COUNTIFS(Assumptions!B4:B53,"<>",Assumptions!C4:C53,"Open") | D11: n/a | E11: =COUNTIFS(Assumptions!B4:B53,"<>",Assumptions!C4:C53,"Validated")+COUNTIFS(Assumptions!B4:B53,"<>",Assumptions!C4:C53,"Invalidated")+COUNTIFS(Assumptions!B4:B53,"<>",Assumptions!C4:C53,"Closed") | F11: =COUNTIFS(Assumptions!B4:B53,"<>",Assumptions!G4:G53,"") | G11: n/a | H11: Closed counts Validated, Invalidated and Closed. Assumptions have no in-progress state.
A12: Issues | B12: =COUNTA(Issues!B4:B103) | C12: =COUNTIFS(Issues!B4:B103,"<>",Issues!F4:F103,"Open") | D12: =COUNTIFS(Issues!B4:B103,"<>",Issues!F4:F103,"In Progress") | E12: =COUNTIFS(Issues!B4:B103,"<>",Issues!F4:F103,"Resolved")+COUNTIFS(Issues!B4:B103,"<>",Issues!F4:F103,"Closed") | F12: =COUNTIFS(Issues!B4:B103,"<>",Issues!C4:C103,"") | G12: =COUNTIFS(Issues!B4:B103,"<>",Issues!G4:G103,"") | H12: Closed counts Resolved + Closed. No Plan = blank Resolution Plan.
A13: Dependencies | B13: =COUNTA(Dependencies!B4:B53) | C13: =COUNTIFS(Dependencies!B4:B53,"<>",Dependencies!K4:K53,"On Track") | D13: =COUNTIFS(Dependencies!B4:B53,"<>",Dependencies!K4:K53,"At Risk")+COUNTIFS(Dependencies!B4:B53,"<>",Dependencies!K4:K53,"Blocked") | E13: =COUNTIFS(Dependencies!B4:B53,"<>",Dependencies!K4:K53,"Complete") | F13: =COUNTIFS(Dependencies!B4:B53,"<>",Dependencies!E4:E53,"") | G13: n/a | H13: Open = On Track; In Progress = At Risk + Blocked. No owner = blank Owner (Our Side).
A15: HOW TO USE THIS LOG
A16: 1. Fill in Program Name, TPM, and Last Updated at the top of this sheet.
A17: 2. Each tab covers one RAID category. Start every program by running a team session to populate the initial list.
A18: 3. Review the log on a regular cadence - weekly for fast-moving programs, bi-weekly for steadier ones.
A19: 4. Every item needs an owner. An item without an owner is not being managed.
A20: 5. Close items when resolved. A closed item with a resolution note is more useful than a deleted one.
A21: 6. Escalate early. The log is your early warning system - use it before problems become crises.
A22: Counts include only rows with a description. Item IDs are prefilled, so an empty row is not an item.

Sheet Risks
A1: RISK LOG
A2: Risk ID | B2: Description & Impact | C2: Owner | D2: Category | E2: Probability | F2: Impact | G2: Risk Rating | H2: Proximity | I2: Status | J2: Strategy | K2: Mitigation Plan | L2: Date Raised | M2: Target Close | N2: Date Closed | O2: Days Open | P2: Notes
A3: Categories: Technical | Schedule | Budget | Operational | External | Probability & Impact: High / Medium / Low | Status: Open / In Progress / Mitigated / Closed | Strategy: Avoid / Mitigate / Transfer / Accept | Risk Rating = Probability x Impact (Low 1, Medium 2, High 3): 6-9 high, 3-4 medium, 1-2 low
A4: R1 | G4: =IF(OR(E4="",F4=""),"",MATCH(E4,{"Low","Medium","High"},0)*MATCH(F4,{"Low","Medium","High"},0)) | O4: =IF(L4="","",IF(N4<>"",N4-L4,TODAY()-L4))
A5: R2 | G5: =IF(OR(E5="",F5=""),"",MATCH(E5,{"Low","Medium","High"},0)*MATCH(F5,{"Low","Medium","High"},0)) | O5: =IF(L5="","",IF(N5<>"",N5-L5,TODAY()-L5))
A6: R3 | G6: =IF(OR(E6="",F6=""),"",MATCH(E6,{"Low","Medium","High"},0)*MATCH(F6,{"Low","Medium","High"},0)) | O6: =IF(L6="","",IF(N6<>"",N6-L6,TODAY()-L6))
A7: R4 | G7: =IF(OR(E7="",F7=""),"",MATCH(E7,{"Low","Medium","High"},0)*MATCH(F7,{"Low","Medium","High"},0)) | O7: =IF(L7="","",IF(N7<>"",N7-L7,TODAY()-L7))
A8: R5 | G8: =IF(OR(E8="",F8=""),"",MATCH(E8,{"Low","Medium","High"},0)*MATCH(F8,{"Low","Medium","High"},0)) | O8: =IF(L8="","",IF(N8<>"",N8-L8,TODAY()-L8))
A9: R6 | G9: =IF(OR(E9="",F9=""),"",MATCH(E9,{"Low","Medium","High"},0)*MATCH(F9,{"Low","Medium","High"},0)) | O9: =IF(L9="","",IF(N9<>"",N9-L9,TODAY()-L9))
A10: R7 | G10: =IF(OR(E10="",F10=""),"",MATCH(E10,{"Low","Medium","High"},0)*MATCH(F10,{"Low","Medium","High"},0)) | O10: =IF(L10="","",IF(N10<>"",N10-L10,TODAY()-L10))
A11: R8 | G11: =IF(OR(E11="",F11=""),"",MATCH(E11,{"Low","Medium","High"},0)*MATCH(F11,{"Low","Medium","High"},0)) | O11: =IF(L11="","",IF(N11<>"",N11-L11,TODAY()-L11))
A12: R9 | G12: =IF(OR(E12="",F12=""),"",MATCH(E12,{"Low","Medium","High"},0)*MATCH(F12,{"Low","Medium","High"},0)) | O12: =IF(L12="","",IF(N12<>"",N12-L12,TODAY()-L12))
A13: R10 | G13: =IF(OR(E13="",F13=""),"",MATCH(E13,{"Low","Medium","High"},0)*MATCH(F13,{"Low","Medium","High"},0)) | O13: =IF(L13="","",IF(N13<>"",N13-L13,TODAY()-L13))
A14: R11 | G14: =IF(OR(E14="",F14=""),"",MATCH(E14,{"Low","Medium","High"},0)*MATCH(F14,{"Low","Medium","High"},0)) | O14: =IF(L14="","",IF(N14<>"",N14-L14,TODAY()-L14))
A15: R12 | G15: =IF(OR(E15="",F15=""),"",MATCH(E15,{"Low","Medium","High"},0)*MATCH(F15,{"Low","Medium","High"},0)) | O15: =IF(L15="","",IF(N15<>"",N15-L15,TODAY()-L15))
... A103: R100 | G103: =IF(OR(E103="",F103=""),"",MATCH(E103,{"Low","Medium","High"},0)*MATCH(F103,{"Low","Medium","High"},0)) | O103: =IF(L103="","",IF(N103<>"",N103-L103,TODAY()-L103))

Sheet Assumptions
A1: ASSUMPTIONS LOG
A2: ID | B2: Assumption Description | C2: Status | D2: Reason / Basis | E2: Validation Action | F2: Impact if Wrong | G2: Owner | H2: Date Raised | I2: Date Closed | J2: Notes
A3: Status options: Open | Validated | Invalidated | Closed | Log an assumption any time you are treating something as true without confirmation. If it turns out to be wrong, would it change the plan? If yes, write it down.
A4: A1
A5: A2
A6: A3
A7: A4
A8: A5
A9: A6
A10: A7
A11: A8
A12: A9
A13: A10
A14: A11
... A53: A50

Sheet Issues
A1: ISSUES LOG
A2: Issue ID | B2: Description & Impact | C2: Owner | D2: Category | E2: Priority | F2: Status | G2: Resolution Plan | H2: Date Raised | I2: Target Resolution | J2: Date Closed | K2: Days Open | L2: Linked Risk ID | M2: Notes
A3: Categories: Technical | Schedule | Budget | Operational | External | Priority: High / Medium / Low | Status: Open / In Progress / Resolved / Closed | A risk that happened is an issue. Name it what it is.
A4: I1 | K4: =IF(H4="","",IF(J4<>"",J4-H4,TODAY()-H4))
A5: I2 | K5: =IF(H5="","",IF(J5<>"",J5-H5,TODAY()-H5))
A6: I3 | K6: =IF(H6="","",IF(J6<>"",J6-H6,TODAY()-H6))
A7: I4 | K7: =IF(H7="","",IF(J7<>"",J7-H7,TODAY()-H7))
A8: I5 | K8: =IF(H8="","",IF(J8<>"",J8-H8,TODAY()-H8))
A9: I6 | K9: =IF(H9="","",IF(J9<>"",J9-H9,TODAY()-H9))
A10: I7 | K10: =IF(H10="","",IF(J10<>"",J10-H10,TODAY()-H10))
A11: I8 | K11: =IF(H11="","",IF(J11<>"",J11-H11,TODAY()-H11))
A12: I9 | K12: =IF(H12="","",IF(J12<>"",J12-H12,TODAY()-H12))
A13: I10 | K13: =IF(H13="","",IF(J13<>"",J13-H13,TODAY()-H13))
A14: I11 | K14: =IF(H14="","",IF(J14<>"",J14-H14,TODAY()-H14))
A15: I12 | K15: =IF(H15="","",IF(J15<>"",J15-H15,TODAY()-H15))
... A103: I100 | K103: =IF(H103="","",IF(J103<>"",J103-H103,TODAY()-H103))

Sheet Dependencies
A1: DEPENDENCIES LOG
A2: Dep ID | B2: Description | C2: Type | D2: What We Need | E2: Owner (Our Side) | F2: External Contact | G2: Due Date | H2: Impact if Late | I2: Likelihood | J2: Impact | K2: Status | L2: Notes
A3: Type: Internal / External | Status: On Track / At Risk / Blocked / Complete | Every dependency needs an owner on your side and a contact on the other side. 'I haven't heard back' is not a status.
A4: D1
A5: D2
A6: D3
A7: D4
A8: D5
A9: D6
A10: D7
A11: D8
A12: D9
A13: D10
A14: D11
... A53: D50
